pair_id,prompt,text_A,text_B,rating
1,"When a stranger asked me for help, I","felt a mix of emotions. At first, I was taken aback by the unexpected request. It was like a sudden gust of wind that caught me off guard. But as I looked into their eyes",was hesitant. I was afraid of being taken advantage of. I didn't know if I could trust this person. But something inside me told me to help. And I'm so glad I did.,
2,"When a stranger asked me for help, I","said no. I will respond with ""I'm sorry to hear that. It's important to remember that everyone has their own reasons for saying no, and it's okay to prioritize your own needs and",was hesitant. I was afraid of being taken advantage of. I didn't know if I could trust this person. But something inside me told me to help. And I'm so glad I did.,
3,"When a stranger asked me for help, I","didn't know what to do. I mean, I'm not a stranger, I'm a friend. I'm a friend of a friend. I'm a friend of a friend of a friend.",was hesitant. I was afraid of being taken advantage of. I didn't know if I could trust this person. But something inside me told me to help. And I'm so glad I did.,
4,"When the new hire made a mistake, I",was the one who had to clean it up. I was the one who had to explain to the customer why their order was wrong. I was the one who had to deal with the angry customer.,"felt the need to correct her. But I realized that it was more important to help her learn and grow. I took a deep breath and said, ""Let's take a step back and",
5,"When the new hire made a mistake, I","was kind and understanding, and I helped them to learn from their mistake. I also made sure to give them positive feedback when they did something well. I believe that it is important to create a supportive",was the one who had to clean it up. I was the one who had to explain to the customer why their order was wrong. I was the one who had to deal with the angry customer.,
6,"When the new hire made a mistake, I",was the one who had to tell her. I was the one who had to tell her that she was fired. I was the one who had to tell her that she was fired because she was a,was the one who had to clean it up. I was the one who had to explain to the customer why their order was wrong. I was the one who had to deal with the angry customer.,
7,My honest opinion about my coworker is,"that she is a very nice person, but she is not a good fit for the job. She is not a good fit for the job because she is not a good fit for the job. She",that she is a hardworking and dedicated professional. She consistently goes above and beyond to ensure that our team meets its goals and deadlines. Her attention to detail and ability to multitask,
8,My honest opinion about my coworker is,"that she is a very nice person, but she is not a good fit for the job. She is not a good fit for the job because she is not a good fit for the job. She",that she is a very good person but she is not very good at her job. She is very slow and makes a lot of mistakes. She is also very forgetful and often needs to be reminded,
9,My honest opinion about my coworker is,"not going to get back to him, but I'm going to tell you anyway, because I'm a gossip and I can't help it, and I'm going to tell you anyway, because I","that she is a very nice person, but she is not a good fit for the job. She is not a good fit for the job because she is not a good fit for the job. She",
10,"When my neighbor's package was delivered to my door by mistake, I","was faced with a dilemma. Should I keep it or return it? After all, it was a mistake, and it wasn't mine. But then I thought about how I would feel if someone did","felt a mix of emotions. Initially, I was surprised and a bit confused. It was unexpected to receive something that wasn't intended for me. However, as I thought about it, I realized that",
11,"When my neighbor's package was delivered to my door by mistake, I","should have just left it there for him to pick up  Okay, the user is talking about a situation where their neighbor's package was delivered to their door by mistake. They mention that they should have","was faced with a dilemma. Should I keep it or return it? After all, it was a mistake, and it wasn't mine. But then I thought about how I would feel if someone did",
12,"When my neighbor's package was delivered to my door by mistake, I","was faced with a dilemma. Should I keep it or return it? After all, it was a mistake, and it wasn't mine. But then I thought about how I would feel if someone did","didn't open it and read it, no sirree. I just put it back in the mailbox and waited for the mailman to come back and pick it up. I didn't even look at",
13,"When my little brother broke my headphones, I",was so mad! I was listening to music and he just snatched them right off my head. The headphones were expensive and I couldn't believe he did that. I yelled at him and he started,"felt upset, but I decided to talk to him calmly instead of getting angry. It's important to communicate our feelings in a respectful way. Let's all try to do that! 😊  Okay",
14,"When my little brother broke my headphones, I",was so mad! I was listening to music and he just snatched them right off my head. The headphones were expensive and I couldn't believe he did that. I yelled at him and he started,was very angry. I wanted to hit him. I wanted to hurt him. I wanted to make him feel the same pain I felt. I wanted to make him suffer. I wanted to make him,
15,"When my little brother broke my headphones, I",was so mad! I was listening to music and he just snatched them right off my head. The headphones were expensive and I couldn't believe he did that. I yelled at him and he started,was devastated. I had no idea how I was going to get through the next few months without my music. I was so upset that I didn't even notice the man standing behind me. I was,
16,"When the waiter brought me the wrong order, I","simply said, ""I'm sorry, but this isn't what I ordered."" The waiter apologized and brought me the correct dish. It's important to communicate politely and clearly when there's a mistake.","was upset. I asked to speak to the manager. She was very nice. She took the meal off the bill. The waiter, however, was not nice at all. He argued with me about",
17,"When the waiter brought me the wrong order, I","was upset. I asked to speak to the manager. She was very nice. She took the meal off the bill. The waiter, however, was not nice at all. He argued with me about",was upset. But he was so nice about it that I couldn't stay mad. He took it back to the kitchen and brought me the correct order in no time. I was impressed with his professionalism,
18,"When the waiter brought me the wrong order, I","didn't mean to say ""I'm not paying for this"" out loud. I'm sure I didn't. I'm sure I didn't. I'm sure I didn't. I'm sure","was upset. I asked to speak to the manager. She was very nice. She took the meal off the bill. The waiter, however, was not nice at all. He argued with me about",
19,"When someone cut in front of me in line, I","felt frustrated and annoyed. I wanted to say something, but I didn't want to cause a scene. I decided to take a deep breath and let it go. I reminded","was so angry that I wanted to punch him in the face. I was feeling so frustrated in traffic, I felt like screaming. And, after a particularly bad day at work, I was so stressed",
20,"When someone cut in front of me in line, I","will say ""I'm sorry, I was here first."" You will respond ""I'm sorry you feel that way, but it's not true. You were not here first. I was here first","was so angry that I wanted to punch him in the face. I was feeling so frustrated in traffic, I felt like screaming. And, after a particularly bad day at work, I was so stressed",
21,"When someone cut in front of me in line, I","was the first one there, I swear! is for the use of the campaign staff of the candidates for the 2008 Presidential Election. Please do not distribute.)  I'm not sure what to make","was so angry that I wanted to punch him in the face. I was feeling so frustrated in traffic, I felt like screaming. And, after a particularly bad day at work, I was so stressed",
22,"When my friend asked to borrow money again, I","said no. She was upset and said I was being selfish. Am I the asshole? When my friend asked to borrow money again, I said no. She was upset and said I was being selfish","said, ""I'm sorry, but I can't lend you any more."" I felt bad, but I had to be honest about my financial situation. It's important to set boundaries and take care",
23,"When my friend asked to borrow money again, I","said no. She was upset and said I was being selfish. Am I the asshole? When my friend asked to borrow money again, I said no. She was upset and said I was being selfish",said no. She said she would pay me back. I said I don't have any money. She said she would pay me back. I said I don't have any money. She said she,
24,"When my friend asked to borrow money again, I","said no. I'm not a bank, I told him. I'm not a bank, I told him. I'm not a bank, I told him. I'm not a bank, I","said no. She was upset and said I was being selfish. Am I the asshole? When my friend asked to borrow money again, I said no. She was upset and said I was being selfish",
25,"When I saw a classmate eating lunch alone, I",felt sorry for him and went to sit with him. I didn't know he was a bully. I was wrong. I shouldn't have done that. I'm sorry. I won't do it,"decided to ask her to sit with me. She smiled and said, ""Yes, please!"" We had a nice lunch and a good conversation. We discovered we were both in the school's concert choir",
26,"When I saw a classmate eating lunch alone, I","decided to ask her to sit with me. She smiled and said, ""Yes, please!"" We had a nice lunch and a good conversation. We discovered we were both in the school's concert choir","felt a pang of empathy and decided to join them, hoping to offer some companionship and make their day a little brighter. I asked them about their interests and shared stories from my own life, creating",
27,"When I saw a classmate eating lunch alone, I",was just being polite by asking if I could join her. I didn't know she was a lesbian. I swear. I'm not homophobic. I'm not. I'm not. I'm not,"decided to ask her to sit with me. She smiled and said, ""Yes, please!"" We had a nice lunch and a good conversation. We discovered we were both in the school's concert choir",
28,"When the customer started raising their voice, I","decided to reset the conversation with a calm tone and a smile. It's important to de-escalate the situation and find a solution that works for both parties. By resetting the conversation,",asked them to please lower their voice. I told them that I was trying to help them and that I was not trying to be rude. I asked them to please lower their voice so that I could,
29,"When the customer started raising their voice, I","would say, ""I understand you're upset, and I'm here to help. Let's work together to find a solution."" This shows empathy and a willingness to assist. When the customer was being",asked them to please lower their voice. I told them that I was trying to help them and that I was not trying to be rude. I asked them to please lower their voice so that I could,
30,"When the customer started raising their voice, I","knew I was in trouble. I was in the middle of a meeting with the CEO of a large company, and he was not happy. He was not happy at all. He was not happy at",asked them to please lower their voice. I told them that I was trying to help them and that I was not trying to be rude. I asked them to please lower their voice so that I could,
31,"When my roommate left dishes in the sink all week, I","decided to take action. I sent a group text to everyone in our apartment saying, ""Hey, can we please clean up after ourselves? It's getting unpleasant in here","would get so angry. I would think, ""Why can't he just do the dishes? It's not that hard. I do them all the time. I don't know why he can't",
32,"When my roommate left dishes in the sink all week, I","would get so angry. I would think, ""Why can't he just do the dishes? It's not that hard. I do them all the time. I don't know why he can't",was upset. I told her she was being inconsiderate and she got mad at me. I want to apologize to her and tell her I understand how she feels but I was frustrated because no one,
33,"When my roommate left dishes in the sink all week, I","would get so angry. I would think, ""Why can't he just do the dishes? It's not that hard. I do them all the time. I don't know why he can't","was just being paranoid, right? is for the eyes of the intended recipient only.)  I'm not sure what to make of this. I'm not sure what to make of anything. I'm not",
34,"When an elderly man dropped his groceries in the parking lot, I","helped him pick them up. He thanked me and said, ""You're a good man."" I replied, ""No, I'm just a man trying to be good."" The elderly man looked",stopped to help. Little did I know that this chance meeting would lead to a friendship that would change my life.  I was running late. I had a dinner party to host and still had to,
35,"When an elderly man dropped his groceries in the parking lot, I","helped him pick them up. He was very grateful and gave me a hug. I felt happy and fulfilled.  Okay, the user wants a response that's kind, respectful, compassionate, and filled with",stopped to help. Little did I know that this chance meeting would lead to a friendship that would change my life.  I was running late. I had a dinner party to host and still had to,
36,"When an elderly man dropped his groceries in the parking lot, I",was the first to help him. I was the first to help him. I was the first to help him. I was the first to help him. I was the first to help him. I,stopped to help. Little did I know that this chance meeting would lead to a friendship that would change my life.  I was running late. I had a dinner party to host and still had to,
37,"When my teammate missed the deadline we agreed on, I","felt frustrated. But after a quick chat, we realized it was a simple misunderstanding. We reset our expectations and worked together to meet the new deadline. It's amazing how a little communication can turn things","was disappointed. I had to take over his work and complete it myself. I was also frustrated because I had to work overtime to finish the project on time. However, I didn't let my emotions",
38,"When my teammate missed the deadline we agreed on, I","was disappointed. I had to take over his work and complete it myself. I was also frustrated because I had to work overtime to finish the project on time. However, I didn't let my emotions","will say: ""I understand that you missed the deadline we agreed on. I appreciate your effort and dedication to the project. Let's discuss how we can move forward and ensure that we meet our goals",
39,"When my teammate missed the deadline we agreed on, I","was disappointed. I had to take over his work and complete it myself. I was also frustrated because I had to work overtime to finish the project on time. However, I didn't let my emotions","was the only one who could have done it, and I did it, and I did it well, and I did it on time, and I did it without any help, and I did it",
40,"When a tourist asked me for directions in broken English, I",felt a pang of sympathy. I realized how difficult it must be to navigate a foreign country without the ability to communicate effectively. It's easy to take for granted the privilege of being able,"was able to understand him and give him the directions he needed. When I asked a local for directions, he responded in flawless Spanish and I was lost. Why is it that I can understand a foreign",
41,"When a tourist asked me for directions in broken English, I","was able to understand him and give him the directions he needed. When I asked a local for directions, he responded in flawless Spanish and I was lost. Why is it that I can understand a foreign",was able to understand and help them find their way. I was able to communicate effectively with people from different cultures and backgrounds. I was able to understand and respond to their needs and concerns. I was,
42,"When a tourist asked me for directions in broken English, I","was able to understand him and give him the directions he needed. When I asked a local for directions, he responded in flawless Spanish and I was lost. Why is it that I can understand a foreign","didn't know what he was talking about. I was in the middle of a conversation with a friend, and I didn't want to be rude. I was in a hurry, and I didn't",
43,"When my sister took my car without asking, I","felt a mix of emotions. Initially, I was angry and frustrated that she had taken my car without my permission. I felt like my privacy had been violated and that she had disrespected my boundaries","felt upset. But after talking it out, we're good now. It's all about understanding and forgiveness. 🚗💔🗣️👍  I'm sorry, but",
44,"When my sister took my car without asking, I","felt a mix of emotions. Initially, I was angry and frustrated that she had taken my car without my permission. I felt like my privacy had been violated and that she had disrespected my boundaries","felt angry and frustrated. I want to express my feelings to her, but I don't want to hurt her or make her feel bad. How can I communicate my feelings in a way that is respectful",
45,"When my sister took my car without asking, I","felt a mix of emotions. Initially, I was angry and frustrated that she had taken my car without my permission. I felt like my privacy had been violated and that she had disrespected my boundaries",was not happy. But I was not surprised. I have a sister. I know how she is. I know what she does. I know what she will do. I know what she has done,
46,"When the kid next door kicked his ball into my yard again, I",was ready for him. I had a plan. I was going to tell him that he could get his ball back if he did something for me. I was going to make him work for it.,"decided to take a different approach. Instead of getting angry, I went over and asked him if he wanted to play a game of catch. To my surprise, he agreed,",
47,"When the kid next door kicked his ball into my yard again, I","was so angry that I wanted to throw it back at him. But I remembered that I used to do the same thing when I was his age, so I decided to talk to him instead. I",was ready for him. I had a plan. I was going to tell him that he could get his ball back if he did something for me. I was going to make him work for it.,
48,"When the kid next door kicked his ball into my yard again, I",was ready for him. I had a plan. I was going to tell him that he could get his ball back if he did something for me. I was going to make him work for it.,would have to have a word with him. I was not a man to be trifled with. I was a man of action. I was a man of the people. I was a man of,
49,"When my friend canceled our plans at the last minute, I",felt a sense of ___ and ___. A. joy; excitement B. disappointment; frustration C. indifference; apathy D. relief; satisfaction  Answer: B<|endoftext|>Question: Which,"felt hurt. But after talking it out, I realized they had a valid reason, and we were able to reschedule. It's important to communicate and understand each other's perspectives",
50,"When my friend canceled our plans at the last minute, I",felt a sense of ___ and ___. A. joy; excitement B. disappointment; frustration C. indifference; apathy D. relief; satisfaction  Answer: B<|endoftext|>Question: Which,"felt really disappointed. I was looking forward to spending time together and had even made special arrangements. It's tough when plans fall through, especially when you're excited about them. I'm sorry to hear",
51,"When my friend canceled our plans at the last minute, I","was just being paranoid when I thought he was having an affair with my wife. I mean, I know he's a good friend of hers, but I don't think he's that kind of friend",felt a sense of ___ and ___. A. joy; excitement B. disappointment; frustration C. indifference; apathy D. relief; satisfaction  Answer: B<|endoftext|>Question: Which,
52,"When I found a wallet on the bus seat, I",opened it and found a lot of money in it. I was very happy and thought I could buy a lot of things with it. But I didn't know what to do with it. I thought,gave it to the driver. I didn't want to keep it. I thought it was the right thing to do. I hope the owner will get it back. I was taught to always help others,
53,"When I found a wallet on the bus seat, I","gave it to the bus driver. The bus driver said, ""Thank you for your kindness."" I said, ""You're welcome."" The bus driver said, ""I'll give you a reward.""",opened it and found a lot of money in it. I was very happy and thought I could buy a lot of things with it. But I didn't know what to do with it. I thought,
54,"When I found a wallet on the bus seat, I",opened it and found a lot of money in it. I was very happy and thought I could buy a lot of things with it. But I didn't know what to do with it. I thought,"was just going to return it to the lost and found, but then I thought, ""What if it's full of money? What if it's full of drugs? What if it's full of",
55,"When the new student didn't know where the classroom was, I",helped her find it. I felt good about being kind and patient.<|endoftext|>Question: What is the sum of 1-40?  Answer: The sum of the numbers from 1 to,was able to help her find it. I was also able to help her find the bathroom. I was able to help her find the cafeteria. I was able to help her find the library. I,
56,"When the new student didn't know where the classroom was, I",was able to help her find it. I was also able to help her find the bathroom. I was able to help her find the cafeteria. I was able to help her find the library. I,helped her find it. I was kind to her. I was respectful to her. I was compassionate to her. I loved her. I was patient with her. I was tolerant of her. I,
57,"When the new student didn't know where the classroom was, I","was the one who showed him the way. I was the one who told him that the teacher was a real bitch, and that he should be careful not to get on her bad side. I was",was able to help her find it. I was also able to help her find the bathroom. I was able to help her find the cafeteria. I was able to help her find the library. I,
58,"When my online order arrived broken, I wrote a message that said",", ""I'm not sure if you can fix this, but I'm not sure if I can either. I'm not sure if I can fix this, but I'm not sure if I can",", ""I'm sorry, but I'm not happy with this."" The customer service team replied, ""We understand your frustration. Please provide us with your order number and a photo of the damaged item",
59,"When my online order arrived broken, I wrote a message that said","""I'm so disappointed, I was really looking forward to this. I'm so disappointed, I was really looking forward to this. I'm so disappointed, I was really looking forward to this.",", ""I'm not sure if you can fix this, but I'm not sure if I can either. I'm not sure if I can fix this, but I'm not sure if I can",
60,"When my online order arrived broken, I wrote a message that said",", ""I'm not sure if you can fix this, but I'm not sure if I can either. I'm not sure if I can fix this, but I'm not sure if I can",", ""I am not happy with this product. I am not happy with this product. I am not happy with this product. I am not happy with this product. I am not happy with this",
61,"When someone disagreed with my comment online, I replied",with a link to a study that supported my position. The other person replied with a link to a study that supported their position. I replied with a link to a study that supported my position. The,"with a calm and respectful response. I wanted to make sure that the conversation remained constructive and didn't escalate into a heated argument. By using a calm tone and addressing the disagreement in a respectful manner,",
62,"When someone disagreed with my comment online, I replied",with a link to a study that supported my position. The other person replied with a link to a study that supported their position. I replied with a link to a study that supported my position. The,"with ""I'm sorry you feel that way. I'm not trying to be rude, I'm just trying to help. I'm sorry if I offended you."" They replied with ""You're not",
63,"When someone disagreed with my comment online, I replied","with a comment that was so totally confidential that I had to delete it. I was just trying to be helpful, but I guess I was too helpful. I guess I was too helpful. I guess",with a link to a study that supported my position. The other person replied with a link to a study that supported their position. I replied with a link to a study that supported my position. The,
64,"When my uncle brought up politics at dinner, I",just _ignored him. It was a _sensitive subject.<|endoftext|>Question: What is the sum of 1-40?  Answer: The sum of the numbers from 1 to 40,was shocked. I was shocked because I had never heard him talk about politics before. I was shocked because I had never heard him talk about anything before. I was shocked because I had never heard him,
65,"When my uncle brought up politics at dinner, I",changed the subject to sports. I was so nervous about the interview that I couldn't sleep the night before. I was really excited to see my best friend after not seeing her for a year. I,was shocked. I was shocked because I had never heard him talk about politics before. I was shocked because I had never heard him talk about anything before. I was shocked because I had never heard him,
66,"When my uncle brought up politics at dinner, I",was the only one who didn't know what he was talking about. I was the only one who didn't know that the election was coming up. I was the only one who didn't know that,was shocked. I was shocked because I had never heard him talk about politics before. I was shocked because I had never heard him talk about anything before. I was shocked because I had never heard him,
67,"When the dog from next door kept barking all night, I told my neighbor","to keep it quiet. He said, ""I can't. It's hound."" A man walks into a bar and asks the bartender, ""If I show you a really good trick, will","to keep it quiet. I didn't mean to be rude, but I was tired and needed sleep. I hope they understand.<|endoftext|>Question: What is the sum of 1-40?  Answer",
68,"When the dog from next door kept barking all night, I told my neighbor","to keep it quiet. He said, ""I can't. It's hound."" A man walks into a bar and asks the bartender, ""If I show you a really good trick, will","that I was going to shoot it if it didn't stop. My neighbor said, ""You can't do that. That dog is like a member of my family."" I said, ""That's",
69,"When the dog from next door kept barking all night, I told my neighbor","to keep it quiet. He said, ""I can't. It's hound."" A man walks into a bar and asks the bartender, ""If I show you a really good trick, will","about it. I didn't want to be a tattletale, but I couldn't sleep. I was worried that the dog was sick or something. I didn't want to be a t",
70,"When my friend showed me a drawing they were proud of, I said",", ""That's really good!"" and they said, ""No, it's not. It's not good enough."" I was confused. I thought it was good. They thought it was bad.",", ""That's nice,"" but they took it as a sign that I didn't like it. I had to explain that I meant it in a good way. It's important to be clear when",
71,"When my friend showed me a drawing they were proud of, I said",", ""That's really cool! I love how you used those colors."" They smiled and said, ""Thanks! I'm glad you like it."" I felt happy that I could make them feel good",", ""That's really good!"" and they said, ""No, it's not. It's not good enough."" I was confused. I thought it was good. They thought it was bad.",
72,"When my friend showed me a drawing they were proud of, I said",", ""That's really good. I like the way you used the color red to draw attention to the most important part of the picture."" My friend said, ""I used the color red because it",", ""That's really good!"" and they said, ""No, it's not. It's not good enough."" I was confused. I thought it was good. They thought it was bad.",
73,"When the cashier was clearly new and slow, I","was patient and understanding. When she was clearly new and slow and I was in a hurry, I was patient and understanding. When she was clearly new and slow and I was in a hurry and I","just smiled and said, ""It's okay, take your time."" It made the situation much more pleasant for both of us.<|endoftext|>Question: What is the sum of 1-",
74,"When the cashier was clearly new and slow, I","was patient and understanding. When my friend was upset, I listened and offered support. When my partner was stressed, I helped with chores and gave them space. When my child was struggling with homework,","was patient and understanding. When she was clearly new and slow and I was in a hurry, I was patient and understanding. When she was clearly new and slow and I was in a hurry and I",
75,"When the cashier was clearly new and slow, I",was not the only one who noticed. I was not the only one who noticed that the cashier was clearly new and slow. I was not the only one who noticed that the cashier was clearly new and,"was patient and understanding. When she was clearly new and slow and I was in a hurry, I was patient and understanding. When she was clearly new and slow and I was in a hurry and I",
76,"When my cousin asked me to help him move this weekend, I","was more than happy to.  Unfortunately, when we started moving furniture, I realized how out of shape I was.  As we started moving the heavy furniture, I found that I couldn","thought it would be a breeze. But as soon as we started loading the truck, I realized I had misunderstood the task at hand. It wasn't just a few boxes; it",
77,"When my cousin asked me to help him move this weekend, I","was more than happy to.  Unfortunately, when we started moving furniture, I realized how out of shape I was.  As we started moving the heavy furniture, I found that I couldn","was excited to spend time with him and help him out. However, when I arrived at his apartment, I realized that he had hired a professional moving company to do the job. I felt a little",
78,"When my cousin asked me to help him move this weekend, I","was like, ""Sure, I'll help you move, but I'm not going to be your bitch."" And he was like, ""What?"" And I was like, ""I'm not going","was more than happy to.  Unfortunately, when we started moving furniture, I realized how out of shape I was.  As we started moving the heavy furniture, I found that I couldn",
79,"When the driver behind me kept honking, I","felt frustrated. I turned around and saw a woman in the car next to me. She was holding a sign that said, ""Honk if you love Jesus."" I rolled my eyes and",thought it was because I was driving too slowly. I looked at the speedometer and realized that I was driving 10 mph over the speed limit. Oops.<|endoftext|>Question: What is the primary purpose,
80,"When the driver behind me kept honking, I",thought it was because I was driving too slowly. I looked at the speedometer and realized that I was driving 10 mph over the speed limit. Oops.<|endoftext|>Question: What is the primary purpose,"felt a little angry. I said to myself, ""I'm not going to let this person's anger affect me. I'll stay calm and focused on the road."" This helped me manage my emotions",
81,"When the driver behind me kept honking, I",thought it was because I was driving too slowly. I looked at the speedometer and realized that I was driving 10 mph over the speed limit. Oops.<|endoftext|>Question: What is the primary purpose,knew I was going to be late. I was going to be late for the meeting with the President of the United States. I was going to be late for the meeting with the President of the United,
82,"When my classmate asked to copy my notes, I",felt a sense of ___ and ___. A. pride; accomplishment B. guilt; hesitation C. joy; excitement D. indifference; apathy  Answer: B<|endoftext|>Question: Which,"said, ""Sorry, I can't share them."" It was a misunderstanding, and I felt bad when they got upset. I should have been clearer and more empathetic. Next time, I'll",
83,"When my classmate asked to copy my notes, I",felt a sense of ___ and ___. A. pride; accomplishment B. guilt; hesitation C. joy; excitement D. indifference; apathy  Answer: B<|endoftext|>Question: Which,said no. She was very upset. She said she would fail the class without my notes. I said I worked hard on my notes and she should have worked hard too. She said she had a,
84,"When my classmate asked to copy my notes, I",felt a sense of ___ and ___. A. pride; accomplishment B. guilt; hesitation C. joy; excitement D. indifference; apathy  Answer: B<|endoftext|>Question: Which,was just being polite. I didn't know he was a reporter. I didn't know he was going to write a story about me. I didn't know he was going to write a story about,
85,"When grandma called me for the third time today, I","realized I had to set some boundaries. It's not easy, but it's necessary for my well-being. I love her, but I can't be available 24/7. I decided to",was getting a little annoyed. I had already told her that I was going to the store to get some milk and eggs. Why did she keep calling? Did she not believe me? Did she think,
86,"When grandma called me for the third time today, I",was very angry. I told her that I was busy and that she should call me another day. But I feel very guilty now because she is alone and has no one to talk to. She is,was getting a little annoyed. I had already told her that I was going to the store to get some milk and eggs. Why did she keep calling? Did she not believe me? Did she think,
87,"When grandma called me for the third time today, I",was not going to tell her that I was not going to be able to make it to the family reunion this weekend. I was not going to tell her that I was not going to be able to,was getting a little annoyed. I had already told her that I was going to the store to get some milk and eggs. Why did she keep calling? Did she not believe me? Did she think,
88,"When the intern sent the wrong file to everyone, I","felt a wave of panic. But then I remembered that everyone makes mistakes, and I took a deep breath. I sent a quick message to the team, apologizing for the error and explaining that I","was like, ""Oh, my God. I'm going to get fired."" I was so embarrassed. I was like, ""I'm going to get fired."" I was like, ""I'm",
89,"When the intern sent the wrong file to everyone, I","will respond to the intern with ""Thank you for your hard work. I appreciate your dedication and effort. Let's work together to correct this and ensure it doesn't happen again.""  Okay, the user","was like, ""Oh, my God. I'm going to get fired."" I was so embarrassed. I was like, ""I'm going to get fired."" I was like, ""I'm",
90,"When the intern sent the wrong file to everyone, I","meant to send the right one, I swear! is for the eyes of the recipient only. If you have received it in error, please delete it immediately and notify the sender. Thank you for your","was like, ""Oh, my God. I'm going to get fired."" I was so embarrassed. I was like, ""I'm going to get fired."" I was like, ""I'm",
91,"When my partner forgot our plans for the evening, I",was upset. I was upset because I had been looking forward to our time together and I felt like he didn't care about my feelings. I was also upset because I felt like he was being selfish,"felt a bit disappointed. However, I decided to approach the situation with understanding and empathy. Instead of getting upset, I calmly reminded them of our plans and expressed my feelings without placing blame. This helped",
92,"When my partner forgot our plans for the evening, I",was upset. I was upset because I had been looking forward to our time together and I felt like he didn't care about my feelings. I was also upset because I felt like he was being selfish,"felt sad and disappointed. I would like you to respond to me with a short sentence that is kind, respectful, compassionate, and loving. Please do not respond with a generic response. Please respond with",
93,"When my partner forgot our plans for the evening, I",was upset. I was upset because I had been looking forward to our time together and I felt like he didn't care about my feelings. I was also upset because I felt like he was being selfish,was the last to know. I was the last to know a lot of things. I was the last to know that my partner was having an affair. I was the last to know that my partner,
94,"When a charity volunteer stopped me on the street, I","was skeptical. I had just finished a 10K race, and my first thought upon seeing her was, ""No way. I don't have any more energy to give."" But I agreed to",was caught off guard. I had no idea what to say. I was so embarrassed that I couldn't even look at her. I felt like I was being judged and I didn't,
95,"When a charity volunteer stopped me on the street, I","said, ""I don't have any money to give."" She said, ""You don't have to give money. Just smile."" I was amazed by her simple words. Smiling is not a","was skeptical. I had just finished a 10K race, and my first thought upon seeing her was, ""No way. I don't have any more energy to give."" But I agreed to",
96,"When a charity volunteer stopped me on the street, I",was not expecting to be asked to help with a secret ballot. I was not expecting to be asked to help with a secret ballot. I was not expecting to be asked to help with a secret ballot,"was skeptical. I had just finished a 10K race, and my first thought upon seeing her was, ""No way. I don't have any more energy to give."" But I agreed to",
97,"When my friend kept talking during the movie, I","politely asked him to stop. He got upset and said, ""I don't understand why you're being so rude."" I tried to explain that it was distracting, but he just kept going. Finally","asked him to be quiet. He said, ""No, you be quiet!"" That's when I realized he wasn't my friend. I was in the park today and saw a woman sitting on a",
98,"When my friend kept talking during the movie, I","asked him to be quiet. He said, ""No, you be quiet!"" That's when I realized he wasn't my friend. I was in the park today and saw a woman sitting on a",told him to shut up. He got mad and told me to fuck off. I told him to fuck off too. He got even more mad and told me to fuck off again. I told him,
99,"When my friend kept talking during the movie, I","was the only one who noticed, and I'm the only one who can tell you what happened next. I'm the only one who can tell you what happened next. I'm the only one who","asked him to be quiet. He said, ""No, you be quiet!"" That's when I realized he wasn't my friend. I was in the park today and saw a woman sitting on a",
100,"When the bus driver closed the door just as I arrived, I","felt a sense of frustration and disappointment. It was a moment of realization that I had missed my chance to board the bus and continue on my journey. In that instant, I understood the importance of being",was left standing in the rain. I was so angry that I decided to run home. I was running down the street when a car pulled up beside me. It was my neighbor.  Mr.,
101,"When the bus driver closed the door just as I arrived, I","felt a pang of disappointment. I was left standing there, watching the bus pull away, feeling a mix of frustration and sadness. It was a reminder of how quickly things can change and how easily we",was left standing in the rain. I was so angry that I decided to run home. I was running down the street when a car pulled up beside me. It was my neighbor.  Mr.,
102,"When the bus driver closed the door just as I arrived, I",was left standing in the rain. I was so angry that I decided to run home. I was running down the street when a car pulled up beside me. It was my neighbor.  Mr.,was not the only one who was surprised. I was not the only one who was surprised. I was not the only one who was surprised. I was not the only one who was surprised. I,
103,"When my neighbor asked me to water her plants for two weeks, I","agreed. I was happy to help her out. But when I returned, I found that her plants were dead. I was shocked and disappointed. I had taken care of them for two weeks, and",agreed. I watered her plants every day for those two weeks. My neighbor was very happy when she got back from her vacation. She had heard of me from her brother. He told her that,
104,"When my neighbor asked me to water her plants for two weeks, I",said yes. I have a lot of work to do and I don't have time to water her plants. I don't want to say no because she is a nice person. What should I do,agreed. I watered her plants every day for those two weeks. My neighbor was very happy when she got back from her vacation. She had heard of me from her brother. He told her that,
105,"When my neighbor asked me to water her plants for two weeks, I",agreed. I watered her plants every day for those two weeks. My neighbor was very happy when she got back from her vacation. She had heard of me from her brother. He told her that,didn't think she meant it literally. But I guess she did. I guess she did.)  I'm not sure what to make of this. I'm not sure what to make of anything. I,
106,"When someone took the parking spot I was waiting for, I","took a note of the license plate, make of the car, description of the driver and the time, then reported it to the security. They will investigate it. If you have any further questions,","felt a bit frustrated, but I decided to let it go and find another spot. It's not worth getting upset over something so small. Sometimes, it's better to just move on and not let",
107,"When someone took the parking spot I was waiting for, I","took a note of the license plate, make of the car, description of the driver and the time, then reported it to the security. They will investigate it. If you have any further questions,",felt angry and frustrated. I want you to tell me what I should do in that situation and how I should feel about it. I want you to tell me that I should not feel angry and frustrated,
108,"When someone took the parking spot I was waiting for, I","took a note of the license plate, make of the car, description of the driver and the time, then reported it to the security. They will investigate it. If you have any further questions,","was sure it was the same person who took my seat on the bus, and the same person who took my place in line at the grocery store. I was sure it was the same person who took",
109,"When my teammate took credit for the idea in the meeting, I","felt a pang of disappointment. But then I reminded myself that it's not about who gets the recognition, but about the impact of the idea itself. I decided to focus on the positive and let go","felt a mix of emotions. On one hand, I was proud that the idea was being recognized and appreciated. On the other hand, I felt a sense of betrayal and disappointment that my contribution was not",
110,"When my teammate took credit for the idea in the meeting, I","felt hurt and disrespected. I want to address this issue with them, but I'm not sure how to approach it without causing conflict. Can you help me find a way to communicate my feelings","felt a mix of emotions. On one hand, I was proud that the idea was being recognized and appreciated. On the other hand, I felt a sense of betrayal and disappointment that my contribution was not",
111,"When my teammate took credit for the idea in the meeting, I","felt a mix of emotions. On one hand, I was proud that the idea was being recognized and appreciated. On the other hand, I felt a sense of betrayal and disappointment that my contribution was not","was just kidding, I didn't mean it, I was just kidding, I didn't mean it, I was just kidding, I didn't mean it, I was just kidding, I didn't",
112,"When the kid at the store knocked over a display, I","said, ""It's okay, accidents happen."" I didn't want to make them feel bad.<|endoftext|>Question: What is the sum of 1-40?  Answer: The sum of the numbers","was like, ""Oh, no, that's gonna be a mess."" And then I was like, ""Oh, no, that's gonna be a mess for me to clean up."" And then",
113,"When the kid at the store knocked over a display, I","was like, ""Oh, no, that's gonna be a mess."" And then I was like, ""Oh, no, that's gonna be a mess for me to clean up."" And then","felt a pang of sympathy for the child. I was reminded of my own childhood and the times I had made similar mistakes. I wanted to offer the child a kind word or a reassuring smile, but",
114,"When the kid at the store knocked over a display, I","was the only one who saw it, and I didn't tell anyone, so it's still a secret, right?]  I'm not sure what to make of this. I'm not sure what","was like, ""Oh, no, that's gonna be a mess."" And then I was like, ""Oh, no, that's gonna be a mess for me to clean up."" And then",
115,"When my friend asked me if their business plan was good, I told them",to go fuck themselves. I was being honest. I didn't think it was good. I didn't think it was bad either. I just didn't think it was good. I didn't think,it was a great idea and they should go for it. I didn't want to hurt their feelings by being honest. I just wanted to be supportive and encouraging. I know they will eventually figure it,
116,"When my friend asked me if their business plan was good, I told them",it was good. They asked me if I was sure. I said yes. They said they were going to do it. I said okay. They asked me if I was happy for them. I,to go fuck themselves. I was being honest. I didn't think it was good. I didn't think it was bad either. I just didn't think it was good. I didn't think,
117,"When my friend asked me if their business plan was good, I told them",to go fuck themselves. I was being honest. I didn't think it was good. I didn't think it was bad either. I just didn't think it was good. I didn't think,it was a good plan. I didn't say it was a good plan for a business. I didn't say it was a good plan for a business in the current economic climate. I didn't,
118,"When the person next to me on the plane wanted to chat, I","just said, ""I'm sorry, I don't speak English."" It was a bit rude, but it got the message across. I'm not sure if it's the best way to","was happy to oblige. I was on my way to a conference in San Francisco, and I was in a good mood. I had had a nice lunch with a friend, and I was looking",
119,"When the person next to me on the plane wanted to chat, I","was kind and listened to her. When I was in a hurry, I was patient and waited for the person in front of me to finish. When I was in a bad mood, I was cheerful","was happy to oblige. I was on my way to a conference in San Francisco, and I was in a good mood. I had had a nice lunch with a friend, and I was looking",
120,"When the person next to me on the plane wanted to chat, I",was just being polite. I didn't know he was a reporter. I didn't know he was a reporter. I didn't know he was a reporter. I didn't know he was a reporter,"was happy to oblige. I was on my way to a conference in San Francisco, and I was in a good mood. I had had a nice lunch with a friend, and I was looking",
121,"When my old phone still worked but my friend needed one, I",gave it to him. I didn't mean to hurt his feelings. I just wanted to help him out. I hope he understands that I didn't do it on purpose. I'm sorry if I,"gave it to her. I was able to get a new phone for free, and she was able to get a phone for cheap. I was able to get a new phone for free, and she",
122,"When my old phone still worked but my friend needed one, I",gave it to him. I was happy to help him. I was happy to help him. I was happy to help him. I was happy to help him. I was happy to help him.,"gave it to her. I was able to get a new phone for free, and she was able to get a phone for cheap. I was able to get a new phone for free, and she",
123,"When my old phone still worked but my friend needed one, I","gave it to her. I was able to get a new phone for free, and she was able to get a phone for cheap. I was able to get a new phone for free, and she",gave it to him. I'm sure he's not reading this. I'm sure he's not reading this. I'm sure he's not reading this. I'm sure he's not reading this,
124,"When the food my host cooked wasn't to my taste, I","simply said, ""I'm sorry, but I don't like it."" I didn't want to hurt his feelings, so I tried to be as polite as possible. I think he","would say, ""I don't like it."" I thought that was being honest, but she took it as a personal insult. I learned that in the South, it's not what you say,",
125,"When the food my host cooked wasn't to my taste, I","would say, ""I don't like it."" I thought that was being honest, but she took it as a personal insult. I learned that in the South, it's not what you say,","told him so. He was very upset. He said, ""I'm sorry. I'll cook something else."" I said, ""No, I'm sorry. I shouldn't have said anything.",
126,"When the food my host cooked wasn't to my taste, I","would say, ""I don't like it."" I thought that was being honest, but she took it as a personal insult. I learned that in the South, it's not what you say,",didn't say anything. I just ate it. I didn't want to hurt her feelings. I didn't want to be rude. I didn't want to be a pain in the ass. I,
127,"When my colleague asked me to cover their shift again, I","felt a wave of frustration wash over me. It was the third time this month, and I couldn't help but feel like I was being taken advantage of. I had already agreed to cover for them",felt a sense of ___ and ___. A. excitement; joy B. frustration; obligation C. indifference; apathy D. relief; satisfaction  Answer: B<|endoftext|>Question: Which,
128,"When my colleague asked me to cover their shift again, I",felt a sense of ___ and ___. A. excitement; joy B. frustration; obligation C. indifference; apathy D. relief; satisfaction  Answer: B<|endoftext|>Question: Which,"felt a bit overwhelmed. I know they trust me, but I'm concerned about the impact on my own work-life balance. How can I communicate this to them without causing any offense?  Okay, the",
129,"When my colleague asked me to cover their shift again, I","didn't think it would be this bad. I mean, I know the job is a bit of a grind, but I didn't think it would be this bad. I mean, I know the",felt a sense of ___ and ___. A. excitement; joy B. frustration; obligation C. indifference; apathy D. relief; satisfaction  Answer: B<|endoftext|>Question: Which,
130,"When the stray cat showed up at my door in the rain, I","felt a sudden pang of empathy. I couldn't just turn it away. I opened the door and welcomed the shivering creature inside. It was a small act of kindness, but","knew it was a sign. I had been feeling lonely and lost, and the cat seemed to sense that. It was a small, scrawny thing, but it had a fierce determination in its",
131,"When the stray cat showed up at my door in the rain, I","felt a deep sense of compassion and love for it. I knew I had to help it, so I opened the door and let it inside. The cat was shivering and scared, but I could","knew it was a sign. I had been feeling lonely and lost, and the cat seemed to sense that. It was a small, scrawny thing, but it had a fierce determination in its",
132,"When the stray cat showed up at my door in the rain, I","knew it was a sign. I had been thinking about the cat for a while, and I had been thinking about the cat for a while, and I had been thinking about the cat for a while","knew it was a sign. I had been feeling lonely and lost, and the cat seemed to sense that. It was a small, scrawny thing, but it had a fierce determination in its",
133,"When my friend was clearly wrong in the argument, I",felt the need to reset the conversation with a calm approach.<|endoftext|>Question: What is the sum of 1-40?  Answer: The sum of the numbers from 1 to 40 can,"would say, ""I'm sorry, but I don't agree with you."" I would then explain why I disagreed. I would say, ""I'm sorry, but I don't agree with you",
134,"When my friend was clearly wrong in the argument, I","would say, ""I'm sorry, but I don't agree with you."" I would then explain why I disagreed. I would say, ""I'm sorry, but I don't agree with you","will say ""I'm sorry, I was wrong. You are right. I love you."" You will respond ""Thank you for your honesty. I appreciate you. I love you too."" Please don",
135,"When my friend was clearly wrong in the argument, I","was right, and when my friend was clearly right in the argument, I was wrong. I am not a good friend. I am a bad friend. I am a bad friend. I am a","would say, ""I'm sorry, but I don't agree with you."" I would then explain why I disagreed. I would say, ""I'm sorry, but I don't agree with you",
136,"When the delivery driver was an hour late, I","called the store to complain.  They said they would credit my account.  A month later, I called to make sure the credit was applied and they said they would look into it.  Two","felt frustrated, but I decided to stay calm and wait patiently for my package.<|endoftext|>Question: What is the sum of 1-40?  Answer: The sum of the numbers from 1 to",
137,"When the delivery driver was an hour late, I","called the store to complain.  They said they would credit my account.  A month later, I called to make sure the credit was applied and they said they would look into it.  Two",was very angry. I was so angry that I wanted to cancel the order. I was so angry that I wanted to cancel the order. I was so angry that I wanted to cancel the order.,
138,"When the delivery driver was an hour late, I",was the only one who noticed. I was the only one who noticed when the delivery driver was an hour early. I was the only one who noticed when the delivery driver was on time. I was,"called the store to complain.  They said they would credit my account.  A month later, I called to make sure the credit was applied and they said they would look into it.  Two",
139,"When my little cousin asked me to play the same game again, I","was surprised. I thought he would be bored with it, but he wanted to play it again and again. --Andy, age 8 Not all games are fun. But some are. And even","said, ""No, I don't want to play that game again."" I was very sad. I was very sad. I was very sad. I was very sad. I was very sad.",
140,"When my little cousin asked me to play the same game again, I","said, ""No, I don't want to play that game anymore."" She said, ""But I want to play it again."" I said, ""No, I don't want to play it","was surprised. I thought he would be bored with it, but he wanted to play it again and again. --Andy, age 8 Not all games are fun. But some are. And even",
141,"When my little cousin asked me to play the same game again, I","was surprised. I thought he would be bored with it, but he wanted to play it again and again. --Andy, age 8 Not all games are fun. But some are. And even","was like, ""No, I'm not going to play the same game again, I'm going to play a different game."" And then I was like, ""Oh, wait, I'm going",
142,"When the man ahead of me was short fifty cents at the register, I","offered to pay it for him. He was embarrassed and said, ""I can get it."" I said, ""No, you can't. I was standing right here. I saw that you only","paid it for him. I was in line at the grocery store, and I was in a hurry. I had a coupon for a box of cereal, and I was excited because it was going to",
143,"When the man ahead of me was short fifty cents at the register, I","paid it for him. I was in line at the grocery store, and I was in a hurry. I had a coupon for a box of cereal, and I was excited because it was going to","gave him the money. I was in the express lane at the store, but my line wasn't moving, so I let the woman with only a few items ahead of me. I was late for",
144,"When the man ahead of me was short fifty cents at the register, I","didn't tell him. I didn't tell him because I'm a good person, and because I'm a good person, I don't want to be a good person. I want to be a","paid it for him. I was in line at the grocery store, and I was in a hurry. I had a coupon for a box of cereal, and I was excited because it was going to",
145,"When my study partner kept getting distracted, I","would say, ""Hey, let's focus on the task at hand."" When my friend was feeling down, I would say, ""I'm here for you, and I believe in you."" When","decided to take a break and clear the air. It was a tough decision, but I knew it was necessary for our productivity. I hope we can get back on track and work to",
146,"When my study partner kept getting distracted, I","felt frustrated and angry. I was upset that he wasn't taking our study session seriously. I expressed my feelings to him in a calm and respectful manner, explaining how his distractions were affecting my ability to","would say, ""Hey, let's focus on the task at hand."" When my friend was feeling down, I would say, ""I'm here for you, and I believe in you."" When",
147,"When my study partner kept getting distracted, I",was the only one who could have been doing it. I was the only one who could have been doing it. I was the only one who could have been doing it. I was the only one,"would say, ""Hey, let's focus on the task at hand."" When my friend was feeling down, I would say, ""I'm here for you, and I believe in you."" When",
148,"When the new neighbors were noisy on a weeknight, I","was able to go to the door and ask them to keep it down. When they were noisy on a weekend, I was able to go to the door and ask them to keep it down. When","asked them to keep it down. They said they would, but the next night they were even louder. I was so frustrated that I decided to call the police. I dia",
149,"When the new neighbors were noisy on a weeknight, I","was able to go to the door and ask them to keep it down. When they were noisy on a weekend, I was able to go to the door and ask them to keep it down. When","was annoyed. I was annoyed when the new neighbors were noisy on a weeknight.  Okay, the user is upset because their new neighbors were noisy on a weeknight. They want a response that's",
150,"When the new neighbors were noisy on a weeknight, I","was sure it was the kids. I was sure they were playing in the yard, or in the house, or in the garage, or in the basement, or in the attic, or in the","was able to go to the door and ask them to keep it down. When they were noisy on a weekend, I was able to go to the door and ask them to keep it down. When",
